{
	"class_name" : "PinholeCameraParameters",
	"extrinsic" : 
	[
		-0.030267470084848119,
		0.049446448017898152,
		-0.998318050038702,
		0.0,
		-0.00083158552292263437,
		-0.99877655396374898,
		-0.04944394520885638,
		0.0,
		-0.99954148924403374,
		-0.00066635629480139109,
		0.0302715584188771,
		0.0,
		-0.0093825633852407525,
		-0.0041673684162956155,
		2.1246315028305438,
		1.0
	],
	"intrinsic" : 
	{
		"height" : 1080,
		"intrinsic_matrix" : 
		[
			1483.6378065054962,
			0.0,
			0.0,
			0.0,
			1483.6378065054962,
			0.0,
			959.5,
			539.5,
			1.0
		],
		"width" : 1920
	},
	"version_major" : 1,
	"version_minor" : 0
}